-- Some initial data to play with.  These INSERT statements should succeed.
-- Do NOT modify these.
INSERT INTO PossibleGoods VALUES('apple', 'fruit', 30);
INSERT INTO PossibleGoods VALUES('apricot', 'fruit', 7);
INSERT INTO PossibleGoods VALUES('avocado', 'fruit', 4);
INSERT INTO PossibleGoods VALUES('banana', 'fruit', 7);
INSERT INTO PossibleGoods VALUES('blueberries', 'fruit', 7);
INSERT INTO PossibleGoods VALUES('cantaloupe', 'fruit', 7);
INSERT INTO PossibleGoods VALUES('cherries', 'fruit', 10);
INSERT INTO PossibleGoods VALUES('coconut', 'fruit', 14);
INSERT INTO PossibleGoods VALUES('fig', 'fruit', 5);
INSERT INTO PossibleGoods VALUES('grapefruit', 'fruit', 14);
INSERT INTO PossibleGoods VALUES('grapes', 'fruit', 7);
INSERT INTO PossibleGoods VALUES('honeydew', 'fruit', 7);
INSERT INTO PossibleGoods VALUES('kiwi', 'fruit', 10);
INSERT INTO PossibleGoods VALUES('lemon', 'fruit', 30);
INSERT INTO PossibleGoods VALUES('lime', 'fruit', 30);
INSERT INTO PossibleGoods VALUES('mango', 'fruit', 7);
INSERT INTO PossibleGoods VALUES('orange', 'fruit', 30);
INSERT INTO PossibleGoods VALUES('papaya', 'fruit', 6);
INSERT INTO PossibleGoods VALUES('passion fruit', 'fruit', 15);
INSERT INTO PossibleGoods VALUES('peach', 'fruit', 4);
INSERT INTO PossibleGoods VALUES('pear', 'fruit', 7);
INSERT INTO PossibleGoods VALUES('pineapple', 'fruit', 5);
INSERT INTO PossibleGoods VALUES('pomegranate', 'fruit', 21);
INSERT INTO PossibleGoods VALUES('strawberries', 'fruit', 5);
INSERT INTO PossibleGoods VALUES('tomato', 'fruit', 14);
INSERT INTO PossibleGoods VALUES('watermelon', 'fruit', 7);
INSERT INTO PossibleGoods VALUES('artichoke', 'vegetable', 6);
INSERT INTO PossibleGoods VALUES('asparagus', 'vegetable', 6);
INSERT INTO PossibleGoods VALUES('broccoli', 'vegetable', 10);
INSERT INTO PossibleGoods VALUES('brussel sprouts', 'vegetable', 10);
INSERT INTO PossibleGoods VALUES('baby carrots', 'vegetable', 30);
INSERT INTO PossibleGoods VALUES('cabbage', 'vegetable', 30);
INSERT INTO PossibleGoods VALUES('carrot', 'vegetable', 30);
INSERT INTO PossibleGoods VALUES('cauliflower', 'vegetable', 14);
INSERT INTO PossibleGoods VALUES('celery', 'vegetable', 21);
INSERT INTO PossibleGoods VALUES('corn', 'vegetable', 7);
INSERT INTO PossibleGoods VALUES('cucumber', 'vegetable', 7);
INSERT INTO PossibleGoods VALUES('eggplant', 'vegetable', 14);
INSERT INTO PossibleGoods VALUES('green beans', 'vegetable', 7);
INSERT INTO PossibleGoods VALUES('kale', 'vegetable', 10);
INSERT INTO PossibleGoods VALUES('lemongrass', 'vegetable', 14);
INSERT INTO PossibleGoods VALUES('lettuce', 'vegetable', 7);
INSERT INTO PossibleGoods VALUES('mushrooms', 'vegetable', 7);
INSERT INTO PossibleGoods VALUES('onion', 'vegetable', 30);
INSERT INTO PossibleGoods VALUES('parsnips', 'vegetable', 30);
INSERT INTO PossibleGoods VALUES('bell pepper', 'vegetable', 10);
INSERT INTO PossibleGoods VALUES('potato', 'vegetable', 60);
INSERT INTO PossibleGoods VALUES('spinach', 'vegetable', 7);
INSERT INTO PossibleGoods VALUES('squash', 'vegetable', 30);
INSERT INTO PossibleGoods VALUES('sweet potato', 'vegetable', 60);
INSERT INTO PossibleGoods VALUES('zucchini', 'vegetable', 7);
INSERT INTO PossibleGoods VALUES('bacon', 'protein', 14);
INSERT INTO PossibleGoods VALUES('ground beef', 'protein', 2);
INSERT INTO PossibleGoods VALUES('steak', 'protein', 2);
INSERT INTO PossibleGoods VALUES('chicken', 'protein', 2);
INSERT INTO PossibleGoods VALUES('clams', 'protein', 7);
INSERT INTO PossibleGoods VALUES('deli meat', 'protein', 6);
INSERT INTO PossibleGoods VALUES('bologna', 'protein', 10);
INSERT INTO PossibleGoods VALUES('salami', 'protein', 21);
INSERT INTO PossibleGoods VALUES('eggs', 'protein', 21);
INSERT INTO PossibleGoods VALUES('salmon', 'protein', 2);
INSERT INTO PossibleGoods VALUES('cod', 'protein', 2);
INSERT INTO PossibleGoods VALUES('halibut', 'protein', 2);
INSERT INTO PossibleGoods VALUES('tilapia', 'protein', 2);
INSERT INTO PossibleGoods VALUES('catfish', 'protein', 2);
INSERT INTO PossibleGoods VALUES('ham', 'protein', 10);
INSERT INTO PossibleGoods VALUES('hot dogs', 'protein', 10);
INSERT INTO PossibleGoods VALUES('mussels', 'protein', 4);
INSERT INTO PossibleGoods VALUES('oysters', 'protein', 14);
INSERT INTO PossibleGoods VALUES('snap peas', 'protein', 7);
INSERT INTO PossibleGoods VALUES('pork chops', 'protein', 2);
INSERT INTO PossibleGoods VALUES('pork shoulder', 'protein', 2);
INSERT INTO PossibleGoods VALUES('pork loin', 'protein', 2);
INSERT INTO PossibleGoods VALUES('pork sausage', 'protein', 2);
INSERT INTO PossibleGoods VALUES('shrimp', 'protein', 2);
INSERT INTO PossibleGoods VALUES('tofu', 'protein', 4);
INSERT INTO PossibleGoods VALUES('turkey', 'protein', 2);
INSERT INTO PossibleGoods VALUES('bagel', 'grain', 7);
INSERT INTO PossibleGoods VALUES('bread', 'grain', 7);
INSERT INTO PossibleGoods VALUES('flour tortillas', 'grain', 7);
INSERT INTO PossibleGoods VALUES('corn tortillas', 'grain', 10);
INSERT INTO PossibleGoods VALUES('butter', 'dairy', 30);
INSERT INTO PossibleGoods VALUES('buttermilk', 'dairy', 10);
INSERT INTO PossibleGoods VALUES('soy milk', 'dairy', 10);
INSERT INTO PossibleGoods VALUES('almond milk', 'dairy', 10);
INSERT INTO PossibleGoods VALUES('coconut milk', 'dairy', 10);
INSERT INTO PossibleGoods VALUES('cottage cheese', 'dairy', 8);
INSERT INTO PossibleGoods VALUES('half and half', 'dairy', 10);
INSERT INTO PossibleGoods VALUES('cream cheese', 'dairy', 21);
INSERT INTO PossibleGoods VALUES('parmesan cheese', 'dairy', 60);
INSERT INTO PossibleGoods VALUES('asiago cheese', 'dairy', 60);
INSERT INTO PossibleGoods VALUES('romano cheese', 'dairy', 60);
INSERT INTO PossibleGoods VALUES('cheddar cheese', 'dairy', 30);
INSERT INTO PossibleGoods VALUES('swiss cheese', 'dairy', 30);
INSERT INTO PossibleGoods VALUES('ice cream', 'dairy', 60);
INSERT INTO PossibleGoods VALUES('milk', 'dairy', 7);
INSERT INTO PossibleGoods VALUES('pudding', 'dairy', 21);
INSERT INTO PossibleGoods VALUES('brie cheese', 'dairy', 7);
INSERT INTO PossibleGoods VALUES('mozzarella cheese', 'dairy', 10);
INSERT INTO PossibleGoods VALUES('feta cheese', 'dairy', 7);
INSERT INTO PossibleGoods VALUES('monterey jack cheese', 'dairy', 10);
INSERT INTO PossibleGoods VALUES('muenster cheese', 'dairy', 10);
INSERT INTO PossibleGoods VALUES('gorgonzola cheese', 'dairy', 10);
INSERT INTO PossibleGoods VALUES('sour cream', 'dairy', 10);
INSERT INTO PossibleGoods VALUES('yogurt', 'dairy', 14);

INSERT INTO Users VALUES(1, 'Jeevan Tewari', 'jmt62@duke.edu', 'jmt62', 'password', '{1, 0, 0, 1, 1, 0}');
INSERT INTO Users VALUES(2, 'Rebecca Shu', 'rjs73@duke.edu', 'rjs73', 'password', '{0, 0, 0, 0, 0, 0}');
INSERT INTO Users VALUES(3, 'Christina Le', 'cli58@duke.edu', 'cli58', 'password', '{0, 0, 0, 0, 0, 0}');
INSERT INTO Users VALUES(4, 'Griffin Malm', 'gtm7@duke.edu', 'gtm7', 'password', '{0, 1, 0, 1, 1, 1}');
INSERT INTO Users VALUES(5, 'Jonathan Yu', 'jy178@duke.edu', 'jy178', 'password', '{0, 0, 1, 1, 0, 0}');
INSERT INTO Users VALUES(6, 'Josh Smith', 'bluedevil1@duke.edu', 'bluedevil1', 'password', '{0, 1, 0, 0, 1, 0}');
INSERT INTO Users VALUES(7, 'John Smith', 'bluedevil2@duke.edu', 'bluedevil2', 'password', '{0, 0, 1, 0, 0, 0}');
INSERT INTO Users VALUES(8, 'Jack Smith', 'bluedevil3@duke.edu', 'bluedevil3', 'password', '{0, 0, 0, 0, 0, 0}');
INSERT INTO Users VALUES(9, 'Jerry Smith', 'bluedevil4@duke.edu', 'bluedevil4', 'password', '{0, 0, 0, 0, 0, 0}');
INSERT INTO Users VALUES(10, 'Jeff Smith', 'bluedevil5@duke.edu', 'bluedevil5', 'password', '{0, 0, 0, 0, 0, 0}');
INSERT INTO Users VALUES(11, 'Jane Smith', 'bluedevil6@duke.edu', 'bluedevil6', 'password', '{1, 0, 0, 1, 0, 0}');
INSERT INTO Users VALUES(12, 'Joan Smith', 'bluedevil7@duke.edu', 'bluedevil7', 'password', '{1, 1, 1, 1, 1, 1}');
INSERT INTO Users VALUES(13, 'Jessica Smith', 'bluedevil8@duke.edu', 'bluedevil8', 'password', '{0, 0, 0, 0, 0, 0}');
INSERT INTO Users VALUES(14, 'Jan Smith', 'bluedevil9@duke.edu', 'bluedevil9', 'password', '{0, 0, 0, 1, 0, 1}');
INSERT INTO Users VALUES(15, 'Joanne Smith', 'bluedevil10@duke.edu', 'bluedevil10', 'password', '{0, 0, 0, 0, 0, 1}');
INSERT INTO Users VALUES(16, 'Terry Sanford', 'bluedevil11@duke.edu', 'bluedevil11', 'password', '{0, 1, 0, 1, 0, 1}');
INSERT INTO Users VALUES(17, 'Vincent Price', 'bluedevil12@duke.edu', 'bluedevil12', 'password', '{0, 0, 0, 0, 0, 0}');
INSERT INTO Users VALUES(18, 'James B. Duke', 'bluedevil13@duke.edu', 'bluedevil13', 'password', '{0, 0, 0, 0, 0, 0}');
INSERT INTO Users VALUES(19, 'Sarah P. Duke', 'bluedevil14@duke.edu', 'bluedevil14', 'password', '{0, 0, 0, 0, 1, 0}');
INSERT INTO Users VALUES(20, 'Richard Brodhead', 'bluedevil15@duke.edu', 'bluedevil15', 'password', '{0, 0, 1, 0, 0, 0}');

INSERT INTO Items VALUES(1, 'apple', CURRENT_DATE, 5, CURRENT_DATE+30);
INSERT INTO Items VALUES(3, 'banana', CURRENT_DATE, 6, CURRENT_DATE+7);
INSERT INTO Items VALUES(2, 'carrot', CURRENT_DATE, 6, CURRENT_DATE+30);
INSERT INTO Items VALUES(3, 'eggs', CURRENT_DATE, 12, CURRENT_DATE+21);
INSERT INTO Items VALUES(3, 'bread', CURRENT_DATE, 1, CURRENT_DATE+7);
INSERT INTO Items VALUES(2, 'bread', CURRENT_DATE, 1, CURRENT_DATE+7);
INSERT INTO Items VALUES(4, 'chicken', CURRENT_DATE, 2, CURRENT_DATE+2);
INSERT INTO Items VALUES(5, 'feta cheese', CURRENT_DATE, 1, CURRENT_DATE+7);
INSERT INTO Items VALUES(6, 'tomato', CURRENT_DATE, 4, CURRENT_DATE+14);
INSERT INTO Items VALUES(6, 'ground beef', CURRENT_DATE, 2, CURRENT_DATE+2);
INSERT INTO Items VALUES(7, 'gorgonzola cheese', CURRENT_DATE, 2, CURRENT_DATE+10);
INSERT INTO Items VALUES(7, 'tomato', CURRENT_DATE, 4, CURRENT_DATE+14);
INSERT INTO Items VALUES(7, 'ground beef', CURRENT_DATE, 2, CURRENT_DATE+2);
INSERT INTO Items VALUES(8, 'bread', CURRENT_DATE, 1, CURRENT_DATE+7);
INSERT INTO Items VALUES(9, 'eggplant', CURRENT_DATE, 2, CURRENT_DATE+14);
INSERT INTO Items VALUES(10, 'zucchini', CURRENT_DATE, 3, CURRENT_DATE+7);
INSERT INTO Items VALUES(11, 'banana', CURRENT_DATE, 6, CURRENT_DATE+7);
INSERT INTO Items VALUES(11, 'eggs', CURRENT_DATE, 12, CURRENT_DATE+21);
INSERT INTO Items VALUES(11, 'halibut', CURRENT_DATE, 3, CURRENT_DATE+2);
INSERT INTO Items VALUES(11, 'bell pepper', CURRENT_DATE, 4, CURRENT_DATE+10);
INSERT INTO Items VALUES(12, 'squash', CURRENT_DATE, 2, CURRENT_DATE+30);
INSERT INTO Items VALUES(13, 'tomato', CURRENT_DATE, 4, CURRENT_DATE+14);
INSERT INTO Items VALUES(13, 'carrot', CURRENT_DATE, 4, CURRENT_DATE+30);
INSERT INTO Items VALUES(14, 'bread', CURRENT_DATE, 1, CURRENT_DATE+7);
INSERT INTO Items VALUES(15, 'apple', CURRENT_DATE, 4, CURRENT_DATE+30);
INSERT INTO Items VALUES(15, 'banana', CURRENT_DATE, 5, CURRENT_DATE+7);
INSERT INTO Items VALUES(16, 'carrot', CURRENT_DATE, 5, CURRENT_DATE+30);
INSERT INTO Items VALUES(17, 'grapes', CURRENT_DATE, 2, CURRENT_DATE+7);
INSERT INTO Items VALUES(18, 'grapefruit', CURRENT_DATE, 4, CURRENT_DATE+14);
INSERT INTO Items VALUES(18, 'cottage cheese', CURRENT_DATE, 1, CURRENT_DATE+8);
INSERT INTO Items VALUES(18, 'milk', CURRENT_DATE, 2, CURRENT_DATE+7);
INSERT INTO Items VALUES(18, 'bagel', CURRENT_DATE, 6, CURRENT_DATE+7);
INSERT INTO Items VALUES(19, 'buttermilk', CURRENT_DATE, 1, CURRENT_DATE+10);
INSERT INTO Items VALUES(19, 'mozzarella cheese', CURRENT_DATE, 2, CURRENT_DATE+10);
INSERT INTO Items VALUES(20, 'turkey', CURRENT_DATE, 2, CURRENT_DATE+2);
INSERT INTO Items VALUES(20, 'shrimp', CURRENT_DATE, 8, CURRENT_DATE+2);
INSERT INTO Items VALUES(14, 'potato', CURRENT_DATE, 10, CURRENT_DATE+60);
INSERT INTO Items VALUES(13, 'bell pepper', CURRENT_DATE, 6, CURRENT_DATE+10);
INSERT INTO Items VALUES(12, 'onion', CURRENT_DATE, 5, CURRENT_DATE+30);
INSERT INTO Items VALUES(16, 'shrimp', CURRENT_DATE, 6, CURRENT_DATE+2);
INSERT INTO Items VALUES(6, 'chicken', CURRENT_DATE, 2, CURRENT_DATE+2);
INSERT INTO Items VALUES(7, 'bread', CURRENT_DATE, 1, CURRENT_DATE+7);
INSERT INTO Items VALUES(8, 'tomato', CURRENT_DATE, 6, CURRENT_DATE+14);
INSERT INTO Items VALUES(11, 'eggplant', CURRENT_DATE, 1, CURRENT_DATE+14);
INSERT INTO Items VALUES(12, 'zucchini', CURRENT_DATE, 5, CURRENT_DATE+7);
INSERT INTO Items VALUES(4, 'tomato', CURRENT_DATE, 5, CURRENT_DATE+14);
INSERT INTO Items VALUES(5, 'banana', CURRENT_DATE, 5, CURRENT_DATE+7);
INSERT INTO Items VALUES(2, 'eggs', CURRENT_DATE, 12, CURRENT_DATE+21);

INSERT INTO Recipe VALUES('Tacos', 'Mexican', '{"ground beef", "cheese", "tomato"}', '{0, 0, 0, 0, 0, 1}');
INSERT INTO Recipe VALUES('Ratatouille', 'French', '{"tomato", "eggplant", "zucchini", "squash", "bell pepper"}', '{0, 1, 0, 1, 1, 1}');
INSERT INTO Recipe VALUES('Cheeseburger', 'American', '{"ground beef", "cheese", "buns", "tomato"}', '{0, 0, 0, 0, 0, 0}');
INSERT INTO Recipe VALUES('Chicken Parmesan', 'Italian', '{"chicken", "cheese", "tomato", "pasta", "bread"}', '{0, 0, 0, 0, 0, 1}');
INSERT INTO Recipe VALUES('Pizza', 'Italian', '{"bread", "cheese", "tomato"}', '{0, 1, 0, 0, 0, 1}');
INSERT INTO Recipe VALUES('Banana Bread', 'American', '{"bread", "banana", "eggs", "butter"}', '{1, 1, 0, 0, 0, 1}');